Keyword,Search Volume
metal kitchen art,20
kitchen metal art,20
metal,1110
metal art,1000
kitchen art,5620
kitchen,23790
metal wall art,4210
butterfly metal art,210
metal kitchen sign,320
metal kitchen signs,320
brass decor,129936
brass wall art,10683
gold birds,53175
unique art,1225168
floating birds,421
gold art,1268672
wall art,14692649
home decor,22890036
metal sign,338011
custom metal sign,136942
cat metal wall art,4109
cat metal art,7664
metal wall sign,276182
metal sign cat,5480
metal cat decor,9888
cat lover gift,455397
cat themed gifts,54269
cat owner gift,102571
cat home decor,495166
above the bed decor,1000
cat silhouette,26380
cat in the moonlight,1311
feline wall art,1000
viking wall art,12539
viking decor,21211
fenrir wolf,3000
wolf wall decor,36952
viking wolf decor,592
black metal decor,159672
interior decoration,245491
beach house decor,201372
rustic coastal art,17755
beach lover gift,178601
housewarming gift,1391207
nautical wall decor,255407
beach themed decor,77818
beach cottage art,17349
coastal living art,317422
beach house accents,20000
coastal wall art,419010
unique gift idea,507870
sea inspired decor,9220
personalized metal sign,120000
wall hangings,800000
home decoration,500000
laser cut metal,90000
powder coated,60000
outdoor metal decor,70000
fenrir wall art,5000
viking wall hanging,8000
cat moon wall art,3000
beach house metal,20000
coastal wall decor,419010
nautical house gift,20000
palm tree wall art,50000
custom metal sign,300000
custom sign,250000
custom metal art,120000
create your own sign,80000
custom logo sign,90000
custom design sign,70000
custom sign metal,60000
personalized sign,500000
your logo here,40000
business sign,150000
your design sign,60000
your text here,80000
wall decor,14692649
custom skateboard,40000
skateboard decor,30000
skateboard gifts,25000
skateboard deck,120000
garage sign,90000
man cave sign,70000
kids room sign,50000
metal sign,338011
boys gift,60000
christmas gift,5200000
birthday gift,4800000
housewarming gift,1391207
wedding gift,3500000
outdoors sign,30000
custom outdoors sign,25000
custom name sign,160000
personalized fireman,20000
fire station,50000
custom fire fighter,20000
firefighter gift,60000
firefighter wall art,30000
first responder,40000
fire department,80000
steel art,50000
metal art sign,80000
corvette garage sign,20000
corvette sign custom,20000
corvette metal sign,20000
corvette garage,30000
2021 corvette sign,15000
new corvette sign,15000
metal,1000000
art,1200000
personalized,900000
